tester_id,item_id,naturalness_A,remembered_A,changed_mind_A,disturbance_A,continuity_A,naturalness_B,remembered_B,changed_mind_B,disturbance_B,continuity_B,preferred,comment
,71df40fe3cde,,,,,,,,,,,,,
,64d80d0faedc,,,,,,,,,,,,,
,e3d9297343fe,,,,,,,,,,,,,
,cf3ec1b32c8a,,,,,,,,,,,,,
,71bf1c6956d9,,,,,,,,,,,,,
,4264397164fe,,,,,,,,,,,,,
,e9b00a8305b1,,,,,,,,,,,,,
,2af3d8bc21b2,,,,,,,,,,,,,
,a03c86930003,,,,,,,,,,,,,
,17492c65af08,,,,,,,,,,,,,
,e308a1517919,,,,,,,,,,,,,
,7078184f8a71,,,,,,,,,,,,,
,a63368fd9c82,,,,,,,,,,,,,
,f56d77042589,,,,,,,,,,,,,
,1041c43df2fb,,,,,,,,,,,,,
,881ce16e95b2,,,,,,,,,,,,,
,0b94f6fbfa6c,,,,,,,,,,,,,
,b01015319299,,,,,,,,,,,,,
,ad9f9c4053c6,,,,,,,,,,,,,
,f1eca20462da,,,,,,,,,,,,,
